{
  "_methodology_citation": "Methodology follows Park et al. (2025) [arxiv 2506.13639]; reliability concerns raised by 'When Judgment Becomes Noise' (arxiv 2509.20293).",
  "_scope_note": "\u03b1 reported on three populations: base (runs.jsonl + judge), perturbation (perturbation_runs.jsonl + perturbation_judge), and combined (run_id-deduplicated set union, matching the keyword-judge disagreement headline scope in combined_pass_flip_analysis.json). Top-level fields (overall, per_model, interpretation, n_joined) preserve base-only values for backward compatibility with existing consumers.",
  "n_joined": 750,
  "n_excluded_empty_assumption": 105,
  "bootstrap_B": 1000,
  "bootstrap_seed": 42,
  "level_of_measurement": "ordinal (11-bin discretisation of [0,1])",
  "thresholds": {
    "questionable": "\u03b1 < 0.667",
    "acceptable": "0.667 \u2264 \u03b1 \u2264 0.8",
    "strong": "\u03b1 > 0.8"
  },
  "overall": {
    "method_structure": {
      "alpha": -0.008963646771496636,
      "ci_lower": -0.07231541278088978,
      "ci_upper": 0.06169930935880979,
      "n": 750
    },
    "assumption_compliance": {
      "alpha": 0.5729774424213109,
      "ci_lower": 0.5155282815263916,
      "ci_upper": 0.6219368146644049,
      "n": 750
    },
    "reasoning_quality": {
      "alpha": -0.1246201942344094,
      "ci_lower": -0.1966577240628049,
      "ci_upper": -0.05891902821611505,
      "n": 750
    }
  },
  "per_model": {
    "chatgpt": {
      "method_structure": {
        "alpha": -0.0151520961490339,
        "ci_lower": -0.1590064814067057,
        "ci_upper": 0.12150820898178014,
        "n": 150
      },
      "assumption_compliance": {
        "alpha": 0.5674991534021216,
        "ci_lower": 0.4388010888439167,
        "ci_upper": 0.6731053118835235,
        "n": 150
      },
      "reasoning_quality": {
        "alpha": -0.16283846697344395,
        "ci_lower": -0.3190302909558124,
        "ci_upper": -0.014383075681389816,
        "n": 150
      }
    },
    "claude": {
      "method_structure": {
        "alpha": 0.005445516059508937,
        "ci_lower": -0.11568184543402096,
        "ci_upper": 0.1714815849573132,
        "n": 150
      },
      "assumption_compliance": {
        "alpha": 0.564692187724594,
        "ci_lower": 0.43167079573109357,
        "ci_upper": 0.6742405229495372,
        "n": 150
      },
      "reasoning_quality": {
        "alpha": -0.15239924529052296,
        "ci_lower": -0.30905893579630306,
        "ci_upper": -0.00334475730644108,
        "n": 150
      }
    },
    "deepseek": {
      "method_structure": {
        "alpha": -0.08677058678962779,
        "ci_lower": -0.22380195957629787,
        "ci_upper": 0.06394723469989419,
        "n": 150
      },
      "assumption_compliance": {
        "alpha": 0.5155736434108527,
        "ci_lower": 0.38276501870110846,
        "ci_upper": 0.6353587552394329,
        "n": 150
      },
      "reasoning_quality": {
        "alpha": -0.14969137402778077,
        "ci_lower": -0.30495616842038065,
        "ci_upper": 0.0005338582978312804,
        "n": 150
      }
    },
    "gemini": {
      "method_structure": {
        "alpha": -0.06344448876022213,
        "ci_lower": -0.15368078946798883,
        "ci_upper": 0.08595793835115419,
        "n": 150
      },
      "assumption_compliance": {
        "alpha": 0.5448425114936744,
        "ci_lower": 0.4049613864249871,
        "ci_upper": 0.6660958707835182,
        "n": 150
      },
      "reasoning_quality": {
        "alpha": -0.15749369270503433,
        "ci_lower": -0.3100761626672699,
        "ci_upper": -0.0034578996600643976,
        "n": 150
      }
    },
    "mistral": {
      "method_structure": {
        "alpha": 0.032304923354410375,
        "ci_lower": -0.12120475138674881,
        "ci_upper": 0.19415829657779085,
        "n": 150
      },
      "assumption_compliance": {
        "alpha": 0.6730933333333333,
        "ci_lower": 0.5668697079895749,
        "ci_upper": 0.7615521891339708,
        "n": 150
      },
      "reasoning_quality": {
        "alpha": -0.13937162012342186,
        "ci_lower": -0.3153385087772727,
        "ci_upper": 0.023042533976429466,
        "n": 150
      }
    }
  },
  "interpretation": {
    "method_structure": "questionable",
    "assumption_compliance": "questionable",
    "reasoning_quality": "questionable"
  },
  "base": {
    "overall": {
      "method_structure": {
        "alpha": -0.008963646771496636,
        "ci_lower": -0.07231541278088978,
        "ci_upper": 0.06169930935880979,
        "n": 750
      },
      "assumption_compliance": {
        "alpha": 0.5729774424213109,
        "ci_lower": 0.5155282815263916,
        "ci_upper": 0.6219368146644049,
        "n": 750
      },
      "reasoning_quality": {
        "alpha": -0.1246201942344094,
        "ci_lower": -0.1966577240628049,
        "ci_upper": -0.05891902821611505,
        "n": 750
      }
    },
    "per_model": {
      "chatgpt": {
        "method_structure": {
          "alpha": -0.0151520961490339,
          "ci_lower": -0.1590064814067057,
          "ci_upper": 0.12150820898178014,
          "n": 150
        },
        "assumption_compliance": {
          "alpha": 0.5674991534021216,
          "ci_lower": 0.4388010888439167,
          "ci_upper": 0.6731053118835235,
          "n": 150
        },
        "reasoning_quality": {
          "alpha": -0.16283846697344395,
          "ci_lower": -0.3190302909558124,
          "ci_upper": -0.014383075681389816,
          "n": 150
        }
      },
      "claude": {
        "method_structure": {
          "alpha": 0.005445516059508937,
          "ci_lower": -0.11568184543402096,
          "ci_upper": 0.1714815849573132,
          "n": 150
        },
        "assumption_compliance": {
          "alpha": 0.564692187724594,
          "ci_lower": 0.43167079573109357,
          "ci_upper": 0.6742405229495372,
          "n": 150
        },
        "reasoning_quality": {
          "alpha": -0.15239924529052296,
          "ci_lower": -0.30905893579630306,
          "ci_upper": -0.00334475730644108,
          "n": 150
        }
      },
      "deepseek": {
        "method_structure": {
          "alpha": -0.08677058678962779,
          "ci_lower": -0.22380195957629787,
          "ci_upper": 0.06394723469989419,
          "n": 150
        },
        "assumption_compliance": {
          "alpha": 0.5155736434108527,
          "ci_lower": 0.38276501870110846,
          "ci_upper": 0.6353587552394329,
          "n": 150
        },
        "reasoning_quality": {
          "alpha": -0.14969137402778077,
          "ci_lower": -0.30495616842038065,
          "ci_upper": 0.0005338582978312804,
          "n": 150
        }
      },
      "gemini": {
        "method_structure": {
          "alpha": -0.06344448876022213,
          "ci_lower": -0.15368078946798883,
          "ci_upper": 0.08595793835115419,
          "n": 150
        },
        "assumption_compliance": {
          "alpha": 0.5448425114936744,
          "ci_lower": 0.4049613864249871,
          "ci_upper": 0.6660958707835182,
          "n": 150
        },
        "reasoning_quality": {
          "alpha": -0.15749369270503433,
          "ci_lower": -0.3100761626672699,
          "ci_upper": -0.0034578996600643976,
          "n": 150
        }
      },
      "mistral": {
        "method_structure": {
          "alpha": 0.032304923354410375,
          "ci_lower": -0.12120475138674881,
          "ci_upper": 0.19415829657779085,
          "n": 150
        },
        "assumption_compliance": {
          "alpha": 0.6730933333333333,
          "ci_lower": 0.5668697079895749,
          "ci_upper": 0.7615521891339708,
          "n": 150
        },
        "reasoning_quality": {
          "alpha": -0.13937162012342186,
          "ci_lower": -0.3153385087772727,
          "ci_upper": 0.023042533976429466,
          "n": 150
        }
      }
    },
    "interpretation": {
      "method_structure": "questionable",