{
  "_methodology_citation": "Methodology follows Park et al. (2025) [arxiv 2506.13639]; reliability concerns raised by 'When Judgment Becomes Noise' (arxiv 2509.20293).",
  "_scope_note": "\u03b1 reported on three populations: base (runs.jsonl + judge), perturbation (perturbation_runs.jsonl + perturbation_judge), and combined (run_id-deduplicated set union, matching the keyword-judge disagreement headline scope in combined_pass_flip_analysis.json). Top-level fields (overall, per_model, interpretation, n_joined) preserve base-only values for backward compatibility with existing consumers.",
  "n_joined": 1095,
  "n_excluded_empty_assumption": 135,
  "bootstrap_B": 1000,
  "bootstrap_seed": 42,
  "level_of_measurement": "ordinal (11-bin discretisation of [0,1])",
  "thresholds": {
    "questionable": "\u03b1 < 0.667",
    "acceptable": "0.667 \u2264 \u03b1 \u2264 0.8",
    "strong": "\u03b1 > 0.8"
  },
  "overall": {
    "method_structure": {
      "alpha": -0.042038537012678345,
      "ci_lower": -0.09720178234128923,
      "ci_upper": 0.01495555735726096,
      "n": 1095
    },
    "assumption_compliance": {
      "alpha": 0.5502247401317146,
      "ci_lower": 0.5040888254588395,
      "ci_upper": 0.5950602592865847,
      "n": 1095
    },
    "reasoning_quality": {
      "alpha": -0.09891337780669662,
      "ci_lower": -0.15230398791692756,
      "ci_upper": -0.04466920269036094,
      "n": 1095
    }
  },
  "per_model": {
    "chatgpt": {
      "method_structure": {
        "alpha": -0.06023081086229731,
        "ci_lower": -0.1734640053236937,
        "ci_upper": 0.06289309939011846,
        "n": 219
      },
      "assumption_compliance": {
        "alpha": 0.5765336507897275,
        "ci_lower": 0.4642288204925422,
        "ci_upper": 0.6676262630946102,
        "n": 219
      },
      "reasoning_quality": {
        "alpha": -0.15368792730172154,
        "ci_lower": -0.2764986270641168,
        "ci_upper": -0.030206895332886997,
        "n": 219
      }
    },
    "claude": {
      "method_structure": {
        "alpha": -0.03454391104827592,
        "ci_lower": -0.12308385287844287,
        "ci_upper": 0.08611773188437208,
        "n": 219
      },
      "assumption_compliance": {
        "alpha": 0.5008237936387732,
        "ci_lower": 0.38369498515737466,
        "ci_upper": 0.5975698493198213,
        "n": 219
      },
      "reasoning_quality": {
        "alpha": -0.12939210695018089,
        "ci_lower": -0.2584581184759069,
        "ci_upper": -0.0005089075413458498,
        "n": 219
      }
    },
    "deepseek": {
      "method_structure": {
        "alpha": -0.10446159456478044,
        "ci_lower": -0.21949448542704778,
        "ci_upper": 0.020139725737861137,
        "n": 219
      },
      "assumption_compliance": {
        "alpha": 0.5371143852578493,
        "ci_lower": 0.416271419574732,
        "ci_upper": 0.6343457254195459,
        "n": 219
      },
      "reasoning_quality": {
        "alpha": -0.08893698417709728,
        "ci_lower": -0.21300780141686246,
        "ci_upper": 0.03311504248183636,
        "n": 219
      }
    },
    "gemini": {
      "method_structure": {
        "alpha": -0.10271835208011071,
        "ci_lower": -0.16433112172934627,
        "ci_upper": -0.0032588860755973755,
        "n": 219
      },
      "assumption_compliance": {
        "alpha": 0.5387103041862089,
        "ci_lower": 0.4322318491877503,
        "ci_upper": 0.6316191622360228,
        "n": 219
      },
      "reasoning_quality": {
        "alpha": -0.15468173896009252,
        "ci_lower": -0.2739177144560381,
        "ci_upper": -0.03581434105665987,
        "n": 219
      }
    },
    "mistral": {
      "method_structure": {
        "alpha": 0.011256363723627927,
        "ci_lower": -0.11407116627256433,
        "ci_upper": 0.14567890408864917,
        "n": 219
      },
      "assumption_compliance": {
        "alpha": 0.5941708159667488,
        "ci_lower": 0.49059375144475226,
        "ci_upper": 0.6829435656676063,
        "n": 219
      },
      "reasoning_quality": {
        "alpha": -0.11525279956128864,
        "ci_lower": -0.23931155601742385,
        "ci_upper": 0.012348918262764245,
        "n": 219
      }
    }
  },
  "interpretation": {
    "method_structure": "questionable",
    "assumption_compliance": "questionable",
    "reasoning_quality": "questionable"
  },
  "base": {
    "overall": {
      "method_structure": {
        "alpha": -0.042038537012678345,
        "ci_lower": -0.09720178234128923,
        "ci_upper": 0.01495555735726096,
        "n": 1095
      },
      "assumption_compliance": {
        "alpha": 0.5502247401317146,
        "ci_lower": 0.5040888254588395,
        "ci_upper": 0.5950602592865847,
        "n": 1095
      },
      "reasoning_quality": {
        "alpha": -0.09891337780669662,
        "ci_lower": -0.15230398791692756,
        "ci_upper": -0.04466920269036094,
        "n": 1095
      }
    },
    "per_model": {
      "chatgpt": {
        "method_structure": {
          "alpha": -0.06023081086229731,
          "ci_lower": -0.1734640053236937,
          "ci_upper": 0.06289309939011846,
          "n": 219
        },
        "assumption_compliance": {
          "alpha": 0.5765336507897275,
          "ci_lower": 0.4642288204925422,
          "ci_upper": 0.6676262630946102,
          "n": 219
        },
        "reasoning_quality": {
          "alpha": -0.15368792730172154,
          "ci_lower": -0.2764986270641168,
          "ci_upper": -0.030206895332886997,
          "n": 219
        }
      },
      "claude": {
        "method_structure": {
          "alpha": -0.03454391104827592,
          "ci_lower": -0.12308385287844287,
          "ci_upper": 0.08611773188437208,
          "n": 219
        },
        "assumption_compliance": {
          "alpha": 0.5008237936387732,
          "ci_lower": 0.38369498515737466,
          "ci_upper": 0.5975698493198213,
          "n": 219
        },
        "reasoning_quality": {
          "alpha": -0.12939210695018089,
          "ci_lower": -0.2584581184759069,
          "ci_upper": -0.0005089075413458498,
          "n": 219
        }
      },
      "deepseek": {
        "method_structure": {
          "alpha": -0.10446159456478044,
          "ci_lower": -0.21949448542704778,
          "ci_upper": 0.020139725737861137,
          "n": 219
        },
        "assumption_compliance": {
          "alpha": 0.5371143852578493,
          "ci_lower": 0.416271419574732,
          "ci_upper": 0.6343457254195459,
          "n": 219
        },
        "reasoning_quality": {
          "alpha": -0.08893698417709728,
          "ci_lower": -0.21300780141686246,
          "ci_upper": 0.03311504248183636,
          "n": 219
        }
      },
      "gemini": {
        "method_structure": {
          "alpha": -0.10271835208011071,
          "ci_lower": -0.16433112172934627,
          "ci_upper": -0.0032588860755973755,
          "n": 219
        },
        "assumption_compliance": {
          "alpha": 0.5387103041862089,
          "ci_lower": 0.4322318491877503,
          "ci_upper": 0.6316191622360228,
          "n": 219
        },
        "reasoning_quality": {
          "alpha": -0.15468173896009252,
          "ci_lower": -0.2739177144560381,
          "ci_upper": -0.03581434105665987,
          "n": 219
        }
      },
      "mistral": {
        "method_structure": {
          "alpha": 0.011256363723627927,
          "ci_lower": -0.11407116627256433,
          "ci_upper": 0.14567890408864917,
          "n": 219
        },
        "assumption_compliance": {
          "alpha": 0.5941708159667488,
          "ci_lower": 0.49059375144475226,
          "ci_upper": 0.6829435656676063,
          "n": 219
        },
        "reasoning_quality": {
          "alpha": -0.11525279956128864,
          "ci_lower": -0.23931155601742385,
          "ci_upper": 0.012348918262764245,
          "n": 219
        }
      }
    },
    "interpretation": {
      "method_structure": "questionable",